{"cameraMode":{"drawMode":2,"name":"Shaded Wireframe","section":"Shading Mode"},"sceneLighting":false,"audioPlay":false,"sceneViewState":{"m_AlwaysRefresh":false,"showFog":true,"showSkybox":true,"showFlares":true,"showImageEffects":true,"showParticleSystems":true,"showVisualEffectGraphs":true,"m_FxEnabled":true},"in2DMode":false,"pivot":{"x":-0.10158292949199677,"y":0.8970644474029541,"z":-0.07478749006986618},"rotation":{"x":0.732720136642456,"y":0.006121608894318342,"z":-0.006595473270863295,"w":0.6805296540260315},"size":0.9592055678367615,"orthographic":false}