{"cameraMode":{"drawMode":2,"name":"Shaded Wireframe","section":"Shading Mode"},"sceneLighting":false,"audioPlay":false,"sceneViewState":{"m_AlwaysRefresh":false,"showFog":true,"showSkybox":true,"showFlares":true,"showImageEffects":true,"showParticleSystems":true,"showVisualEffectGraphs":true,"m_FxEnabled":true},"in2DMode":false,"pivot":{"x":0.0042699649930000309,"y":1.0951473712921143,"z":0.37237465381622317},"rotation":{"x":0.4791087210178375,"y":0.023682089522480966,"z":-0.012990718707442284,"w":0.8773967623710632},"size":0.7135151028633118,"orthographic":false}