{"cameraMode":{"drawMode":2,"name":"Shaded Wireframe","section":"Shading Mode"},"sceneLighting":false,"audioPlay":false,"sceneViewState":{"m_AlwaysRefresh":false,"showFog":true,"showSkybox":true,"showFlares":true,"showImageEffects":true,"showParticleSystems":true,"showVisualEffectGraphs":true,"m_FxEnabled":true},"in2DMode":false,"pivot":{"x":-0.3170292377471924,"y":-0.13874387741088868,"z":0.36761003732681277},"rotation":{"x":0.23060134053230287,"y":0.4782239496707916,"z":-0.13178221881389619,"w":0.8371758460998535},"size":0.7064086198806763,"orthographic":false}